{
  "base_size": [
    3840,
    2160
  ],
  "polygon": [
    [
      2280,
      1132
    ],
    [
      3263,
      1733
    ],
    [
      3775,
      1117
    ],
    [
      2491,
      1026
    ],
    [
      2285,
      1132
    ]
  ],
  "meta": {
    "mode": "auto_cv",
    "metrics": {
      "rel_area": 0.06438169126157407,
      "roi_height": 707,
      "roi_aspect": 2.1145685997171144,
      "sharpness": 85.0,
      "overlay_path": ""
    },
    "params": {
      "min_box_h_px": 30,
      "min_rel_area": 0.003,
      "min_sharpness": 60.0,
      "bbox_aspect_min": 0.6
    }
  }
}
